variant_and_allele,af
rs2568958-<b>A</b>,0.6380246288382204
rs191800971-<b>G</b>,1.0
rs30266-<b>A</b>,0.27509176717357103
rs2092563-<b>G</b>,0.8544026047565119
rs1568452-<b>T</b>,0.37766266564309336
rs61902811-<b>G</b>,0.8292647058823529
rs1095626-<b>C</b>,0.4508734780307041
rs7111031-<b>C</b>,0.28599907278627723
rs200949-<b>A</b>,0.875675383617895
rs5995992-<b>C</b>,0.28003065113314257
rs10890020-<b>G</b>,0.43773295329971496
rs11688767-<b>?</b>,-1.0
rs61990288-<b>G</b>,0.7117378316640309
rs301799-<b>C</b>,0.4007049438827567
rs11135349-<b>C</b>,0.5613022763366861
rs3814424-<b>C</b>,0.8185897849809518
rs7030813-<b>T</b>,0.3792482795129698
rs11756123-<b>?</b>,-1.0
rs7531118-<b>?</b>,-1.0
rs9592461-<b>A</b>,0.5070199498786432
rs7227069-<b>A</b>,0.35951834862385323
rs7200826-<b>T</b>,0.12391540130151844
rs61902811-<b>?</b>,-1.0
rs12967143-<b>G</b>,0.3697194282689253
rs2717043-<b>C</b>,0.3539129513925659
rs827120-<b>?</b>,-1.0
rs3823624-<b>T</b>,0.8079786072909845
rs1343605-<b>A</b>,0.3660137638962414
rs7932640-<b>T</b>,0.41854578063407255
rs1045430-<b>G</b>,0.5022128399017121
rs3756335-<b>?</b>,-1.0
rs12923444-<b>C</b>,0.3898383750136508
rs7523829-<b>?</b>,-1.0
rs77087420-<b>A</b>,0.9548644617948944
rs72839477-<b>?</b>,-1.0
rs7988498-<b>?</b>,-1.0
rs2043539-<b>A</b>,0.4600769295798461
rs7198928-<b>T</b>,0.5739154616240267
rs1021363-<b>A</b>,0.30279176201373
rs55649128-<b>?</b>,-1.0
rs10950393-<b>T</b>,0.5594774874930517
rs12052908-<b>T</b>,0.4505506141465481
rs67981811-<b>?</b>,-1.0
rs7807677-<b>T</b>,0.5487048486173787
rs10061069-<b>G</b>,0.7551579786703877
rs16909922-<b>?</b>,-1.0
rs7125588-<b>A</b>,0.5897380541162924
rs3793577-<b>G</b>,0.5165904165663376
rs10149470-<b>G</b>,0.5229381115770746
rs913930-<b>G</b>,0.33301910073540303
rs3099439-<b>C</b>,0.5192808754559667
rs113188507-<b>A</b>,0.12868413218219707
rs60157091-<b>T</b>,0.4900465904277848
rs45510091-<b>A</b>,0.9544732662784542
rs13186288-<b>?</b>,-1.0
rs10913112-<b>C</b>,0.6408953791306733
rs4772087-<b>T</b>,0.34537301617948024
rs41310573-<b>?</b>,-1.0
rs301816-<b>?</b>,-1.0
rs3213572-<b>A</b>,0.4417029887920299
rs10164055-<b>T</b>,0.6003732017095046
rs12270599-<b>T</b>,0.6969174803752632
rs17641524-<b>C</b>,0.8070637699883272
rs12967855-<b>A</b>,0.3851561487624725
rs1933802-<b>G</b>,0.5142403388035998
rs1021363-<b>?</b>,-1.0
rs4702-<b>?</b>,-1.0
rs7193263-<b>G</b>,0.3891442515038021
rs1002656-<b>C</b>,0.3353542904355353
rs12552-<b>A</b>,0.4316132745060426
rs1890946-<b>C</b>,0.5127677100494233
rs11596214-<b>G</b>,0.6602225312934631
rs7906899-<b>A</b>,0.7197562540089801
rs8037355-<b>C</b>,0.4570900363258952
rs7030813-<b>?</b>,-1.0
rs7147721-<b>A</b>,0.6063257065948856
rs11135349-<b>?</b>,-1.0
rs1226412-<b>T</b>,0.7511911064055056
rs58104186-<b>A</b>,0.4372154579142403
rs11772627-<b>?</b>,-1.0
rs4632195-<b>?</b>,-1.0
rs3814424-<b>?</b>,-1.0
rs113188507-<b>?</b>,-1.0
rs143186028-<b>T</b>,0.08977346278317153
rs13204572-<b>?</b>,-1.0
rs11579246-<b>A</b>,0.9024113455665904
rs12967143-<b>?</b>,-1.0
rs13084037-<b>G</b>,0.21078918420212198
rs1806153-<b>?</b>,-1.0
rs2876520-<b>G</b>,0.5090524086818422
rs102275-<b>?</b>,-1.0
rs12967855-<b>?</b>,-1.0
rs2029865-<b>T</b>,0.5455267337215458
rs1354115-<b>A</b>,0.6228194331410778
rs10973303-<b>?</b>,-1.0
rs7023933-<b>?</b>,-1.0
rs56314503-<b>G</b>,0.11958721165520032
rs17186548-<b>?</b>,-1.0
rs45534736-<b>?</b>,-1.0
rs73581580-<b>?</b>,-1.0
rs34653192-<b>G</b>,0.8420098607888631
rs1950829-<b>?</b>,-1.0
rs2149351-<b>T</b>,0.2587977934182994
rs2509805-<b>T</b>,0.42623363544813697
rs263645-<b>A</b>,0.5079407093700371
rs7714851-<b>T</b>,0.4583041345480028
rs1982277-<b>T</b>,0.8188924752874722
rs10514299-<b>T</b>,0.23765164220596585
rs141954845-<b>A</b>,0.42294816414686826
rs240764-<b>G</b>,0.519762161520425
rs1054169-<b>?</b>,-1.0
rs9317758-<b>T</b>,0.4578613022763367
rs56403421-<b>A</b>,0.7163578613022763
rs12635614-<b>?</b>,-1.0
rs60157091-<b>?</b>,-1.0
rs4753209-<b>?</b>,-1.0
rs1448938-<b>A</b>,0.5665599810336652
rs1432639-<b>A</b>,0.4557783018867925
rs2806933-<b>?</b>,-1.0
rs7152906-<b>?</b>,-1.0
rs7685686-<b>A</b>,0.5735245449531163
rs7200826-<b>?</b>,-1.0
rs7617480-<b>?</b>,-1.0
rs12624433-<b>A</b>,0.18750781152355955
rs9517313-<b>?</b>,-1.0
rs8099160-<b>A</b>,0.38243106007343175
rs58936320-<b>T</b>,0.6190108191653787
rs62091461-<b>C</b>,0.8694259186609128
rs4801157-<b>C</b>,0.8164187526595252
rs3099439-<b>?</b>,-1.0
rs11693031-<b>A</b>,0.8316030534351145
rs4131791-<b>?</b>,-1.0
rs7117514-<b>G</b>,0.4052408681842245
rs7045135-<b>T</b>,0.6488277826468011
rs198457-<b>C</b>,0.8599110546378653
rs6699744-<b>T</b>,0.5040211397058824
rs2369818-<b>?</b>,-1.0
rs12705613-<b>T</b>,0.5028786536758193
rs1334585-<b>C</b>,0.5842473960733708
rs7758630-<b>T</b>,0.6574094281972938
rs11674333-<b>?</b>,-1.0
rs12135327-<b>?</b>,-1.0
rs297346-<b>A</b>,0.3838197789742137
rs2247523-<b>G</b>,0.4126834229260497
rs7837935-<b>G</b>,0.8461643835616438
rs17708090-<b>C</b>,0.8904921612978707
rs10920270-<b>C</b>,0.8579756226815051
rs16841842-<b>?</b>,-1.0
rs6783233-<b>T</b>,0.24928533615669665
rs3132685-<b>A</b>,0.09755842838280382
rs12517438-<b>?</b>,-1.0
rs1267042-<b>?</b>,-1.0
rs3115631-<b>T</b>,0.9181577554261514
rs75581564-<b>A</b>,0.0957369189076506
rs7241572-<b>A</b>,0.1860854987426656
rs17619012-<b>G</b>,0.8576955742191186
rs2517601-<b>C</b>,0.044505494505494514
rs62188629-<b>A</b>,0.29019940602460753
rs7585722-<b>C</b>,0.1215070341106186
rs10061069-<b>?</b>,-1.0
rs11686891-<b>?</b>,-1.0
rs34937911-<b>T</b>,0.8952853095912586
rs2924329-<b>G</b>,0.7365973050106571
rs34488670-<b>C</b>,0.197845249755142
rs10821130-<b>C</b>,0.6923769190047644
rs3807866-<b>A</b>,0.4154870940882598
rs997934-<b>T</b>,0.3682379172109365
rs56887639-<b>G</b>,0.2825634851138354
rs3130116-<b>C</b>,0.09907932929687888
rs4728354-<b>?</b>,-1.0
rs1233393-<b>G</b>,0.045137772059611884
rs7809993-<b>?</b>,-1.0
rs35017208-<b>T</b>,0.037254678229119126
rs9258375-<b>G</b>,0.07807448209795234
rs10817969-<b>T</b>,0.8488775048967907
rs2284174-<b>C</b>,0.11310025273799496
rs9775587-<b>?</b>,-1.0
rs2523443-<b>A</b>,0.05919933926055481
rs10789340-<b>G</b>,0.6526330923967741
rs1452787-<b>?</b>,-1.0
rs1933802-<b>?</b>,-1.0
rs2670139-<b>C</b>,0.3206338884333739
rs8025231-<b>C</b>,0.392817949030606
rs146918648-<b>G</b>,0.9699843668577384
rs12968428-<b>A</b>,0.6623610375860244
rs17737641-<b>?</b>,-1.0
rs9257681-<b>G</b>,0.07545813869924542
rs2274793-<b>?</b>,-1.0
rs4947263-<b>T</b>,0.049544048200618786
rs1431181-<b>A</b>,0.3526306290046025
rs9363467-<b>T</b>,0.617495230613848
rs7772160-<b>T</b>,0.5569962379926221
rs3793577-<b>A</b>,0.4834095834336624
rs58243949-<b>?</b>,-1.0
rs12129573-<b>A</b>,0.3363155108523028
rs1518395-<b>G</b>,0.6300921187308086
rs13191038-<b>C</b>,0.06915059927045336
rs3135296-<b>A</b>,0.9557815729359296
rs1152578-<b>C</b>,0.6177010253642742
rs2509805-<b>?</b>,-1.0
rs148466862-<b>?</b>,-1.0
rs12705593-<b>?</b>,-1.0
rs4346585-<b>C</b>,0.1897703208991693
rs35905305-<b>?</b>,-1.0
rs1956373-<b>G</b>,0.28507146638433034
rs11978979-<b>A</b>,0.8350716172994019
rs4980365-<b>?</b>,-1.0
rs3807865-<b>A</b>,0.44727006229388055
chr5_103942055-<b>?</b>,-1.0
rs483143-<b>C</b>,0.11858125992588672
rs16887442-<b>T</b>,0.5214858775689636
rs4277413-<b>A</b>,0.5605005976235674
rs7940164-<b>?</b>,-1.0
rs78337797-<b>T</b>,0.9541680691125324
rs13197574-<b>C</b>,0.071019820971867
rs13194504-<b>A</b>,0.07754804529858307
rs7193263-<b>?</b>,-1.0
rs2422320-<b>T</b>,0.5802896543765507
rs17105472-<b>?</b>,-1.0
rs1484145-<b>?</b>,-1.0
rs3129791-<b>A</b>,0.07974862807576563
rs169235-<b>G</b>,0.2593624465465855
rs7837935-<b>?</b>,-1.0
rs6536630-<b>?</b>,-1.0
rs115507122-<b>G</b>,-1.0
rs8089865-<b>A</b>,0.5890701832811801
rs74927570-<b>?</b>,-1.0
rs3741475-<b>G</b>,0.783897575423612
rs12966052-<b>G</b>,0.821492853361567
rs7749305-<b>C</b>,0.08548761554786423
rs9257248-<b>T</b>,0.08307911328045556
rs2517622-<b>G</b>,0.9476877664808134
rs12958048-<b>A</b>,0.37363684489147697
rs4267411-<b>?</b>,-1.0
rs4713145-<b>T</b>,0.7850889045019727
rs3823612-<b>C</b>,0.2726653696498054
rs2956287-<b>A</b>,0.7774603900060938
rs7647854-<b>G</b>,0.16674993145886008
rs201935337-<b>?</b>,-1.0
rs10441718-<b>?</b>,-1.0
rs2179744-<b>G</b>,0.7773897425663541
rs835303-<b>?</b>,-1.0
rs10501696-<b>G</b>,0.4790673172895642
rs11209948-<b>T</b>,0.5713926596279537
rs35715914-<b>T</b>,0.06686077289571203
chr5_87992715-<b>?</b>,-1.0
rs1409379-<b>T</b>,0.7317909922589726
rs13296641-<b>?</b>,-1.0
rs7193263-<b>A</b>,0.610855748496198
rs301807-<b>A</b>,0.3980455075845975
rs2876520-<b>?</b>,-1.0
rs3129120-<b>T</b>,0.9184753838009528
rs528732638-<b>GAA</b>,-1.0
rs72710803-<b>C</b>,0.08620901387694953
rs12525684-<b>?</b>,-1.0
rs6066242-<b>?</b>,-1.0
rs3088142-<b>?</b>,-1.0
rs35553410-<b>C</b>,0.25039703546850184
rs2098651-<b>C</b>,0.4305939608450393
rs1554269-<b>C</b>,0.5424033880359979
rs2322702-<b>?</b>,-1.0
rs67455183-<b>?</b>,-1.0
rs61691222-<b>?</b>,-1.0
rs393488-<b>T</b>,0.5545887829749501
rs58621819-<b>T</b>,0.16450986735684245
rs621313-<b>G</b>,0.5067156265954522
rs140395831-<b>?</b>,-1.0
rs145678014-<b>?</b>,-1.0
rs200990-<b>T</b>,0.8939716169763118
rs10789214-<b>T</b>,0.5989897445874212
rs716508-<b>C</b>,0.3501825821619729
rs40465-<b>G</b>,0.20195573854863613
rs1848393-<b>?</b>,-1.0
rs3980104-<b>?</b>,-1.0
rs12205083-<b>G</b>,0.08355795148247977
rs537635-<b>T</b>,0.5415563790365273
rs61867293-<b>C</b>,0.8434689904514694
rs75581564-<b>?</b>,-1.0
rs8138989-<b>?</b>,-1.0
rs149389640-<b>A</b>,0.007065217391304349
rs118109745-<b>?</b>,-1.0
rs2064219-<b>A</b>,0.6260331966937706
rs62097899-<b>T</b>,0.38279512969825297
rs111471551-<b>?</b>,-1.0
rs915057-<b>G</b>,0.6333884145781694
rs56059718-<b>?</b>,-1.0
rs61127279-<b>?</b>,-1.0
rs3787317-<b>T</b>,0.028248344655602376
rs11123030-<b>T</b>,0.4856591148263607
rs1806153-<b>T</b>,0.3066848017732104
rs75782365-<b>T</b>,0.933721545791424
rs535777-<b>G</b>,0.9437829029832038
rs454214-<b>T</b>,0.4745194609754429
rs66975207-<b>A</b>,0.9304393859184754
rs2304607-<b>A</b>,0.8460597582885291
rs4478545-<b>?</b>,-1.0
rs7432943-<b>?</b>,-1.0
rs55748329-<b>A</b>,0.8554790894653256
rs2178539-<b>A</b>,0.04752702025624509
rs2191130-<b>T</b>,0.6571074822647571
rs725616-<b>T</b>,0.3433329595155321
rs3806843-<b>T</b>,0.4382363441627991
rs10830220-<b>C</b>,0.2987477638640429
rs1150313-<b>A</b>,0.5422848664688428
rs1038093-<b>?</b>,-1.0
rs34328494-<b>T</b>,0.7270799347471452
rs2402273-<b>C</b>,0.4096347273689783
rs45527431-<b>G</b>,0.06118917785234899
rs11614007-<b>?</b>,-1.0
rs1322944-<b>A</b>,0.5580712275119325
rs387627-<b>?</b>,-1.0
rs11665070-<b>A</b>,0.5701102388508434
rs12713370-<b>A</b>,0.3720681612025398
rs28986306-<b>C</b>,0.9480669873507928
rs147439337-<b>G</b>,0.9918531392570064
rs56293203-<b>?</b>,-1.0
rs6441175-<b>A</b>,0.3982001058761249
rs301806-<b>T</b>,0.5532049189248014
rs372519-<b>?</b>,-1.0
rs586533-<b>T</b>,0.6345685547908947
rs55834529-<b>G</b>,0.0651902032308494
rs4904738-<b>C</b>,0.512281630492324
rs10896636-<b>C</b>,0.6962413975648492
rs34215985-<b>G</b>,0.6972823072656683
rs323509-<b>C</b>,0.6167256189994947
rs7430565-<b>G</b>,0.3976177871889889
rs72733826-<b>A</b>,0.0378843147472642
rs9345737-<b>A</b>,0.5970152668262998
rs4480613-<b>T</b>,0.06744219240650871
rs9530139-<b>T</b>,0.1903652726310217
rs10026036-<b>?</b>,-1.0
rs2585399-<b>?</b>,-1.0
rs1961639-<b>A</b>,0.6970085758660274
chr14_75356855-<b>?</b>,-1.0
rs9323497-<b>T</b>,0.10434256966246123
rs1475120-<b>G</b>,0.4819057008641188
rs7548151-<b>A</b>,0.1039591876586604
rs150027890-<b>?</b>,-1.0
rs1656369-<b>A</b>,0.3106405505558497
rs6695867-<b>A</b>,0.6178781038374718
rs12057031-<b>C</b>,0.8961355214399153
rs10959913-<b>T</b>,0.7940064794816415
rs35144506-<b>G</b>,-1.0
rs12003380-<b>?</b>,-1.0
rs57344483-<b>G</b>,0.10984647961884594
rs11682175-<b>C</b>,0.44219026754917495
rs75782365-<b>G</b>,0.06627845420857596
rs10929355-<b>G</b>,0.5114346214928533
rs6697602-<b>G</b>,0.05776062722038465
rs950893-<b>G</b>,0.27482088024564993
rs9545360-<b>C</b>,0.929196350456193
rs66975207-<b>C</b>,0.06956061408152461
rs7504262-<b>G</b>,0.6683663577494281
rs609958-<b>T</b>,0.4479089465325569
rs8063603-<b>G</b>,0.4214399152991001
rs4869056-<b>G</b>,0.4102699841185812
rs116755193-<b>C</b>,-1.0
rs12552-<b>G</b>,0.5683867254939574
rs3799380-<b>T</b>,0.7979510199881666
rs301795-<b>A</b>,0.2922381930184805
rs77741769-<b>T</b>,0.3708649778276161
rs5758265-<b>A</b>,0.2886976540232405
rs10786831-<b>G</b>,0.5916227163984341
rs6019826-<b>T</b>,0.10453360891445004
rs12155745-<b>G</b>,0.6393691810754323
rs7856424-<b>C</b>,0.8055941894606707
rs3131781-<b>G</b>,0.09814716781365802
rs17727765-<b>C</b>,0.07129455909943715
rs62099069-<b>T</b>,0.5353096876654314
rs1466887-<b>C</b>,0.6006832797427653
rs2596505-<b>T</b>,0.14641919760029995
rs8097498-<b>G</b>,0.41623953169201466
rs146446086-<b>A</b>,0.000370566437268396
rs913930-<b>?</b>,-1.0
rs779-<b>?</b>,-1.0
rs10274968-<b>T</b>,0.5808624229979467
rs1457257-<b>G</b>,0.3391238917787156
rs2717046-<b>T</b>,0.36141097550663775
rs56211578-<b>?</b>,-1.0
rs1261070-<b>A</b>,0.08045977011494253
rs66511648-<b>?</b>,-1.0
rs61935769-<b>?</b>,-1.0
rs4883777-<b>T</b>,0.6004110678067981
rs4543289-<b>T</b>,0.4516493800202761
rs1656369-<b>T</b>,0.6893594494441504
rs12065553-<b>G</b>,0.2772389042539181
rs6476606-<b>G</b>,0.6445302664814859
rs6882046-<b>A</b>,0.7006903690105362
rs17828731-<b>T</b>,0.489978947368421
rs10127497-<b>T</b>,0.16469005381702212
rs6012575-<b>?</b>,-1.0
rs12666117-<b>A</b>,0.4456039249279651
rs236346-<b>T</b>,0.8761589227028616
rs1021363-<b>G</b>,0.6972082379862701
rs2389016-<b>T</b>,0.2549931480887541
rs9368649-<b>A</b>,0.8753179701646978
rs4261101-<b>G</b>,0.6464796188459503
rs848293-<b>A</b>,0.4460311409553412
rs11663393-<b>A</b>,0.4374801482265749
rs10811965-<b>T</b>,0.25946157940443176
rs34727251-<b>?</b>,-1.0
rs1151849-<b>A</b>,0.4303370284283926
rs12376738-<b>T</b>,0.7637051993942453
rs1413573-<b>A</b>,0.4452977412731006
rs146791497-<b>?</b>,-1.0
rs1427027-<b>T</b>,0.2396050960632501
rs13218591-<b>T</b>,0.6981785688055426
rs3785234-<b>T</b>,0.5608787718369508
rs4799936-<b>A</b>,0.6279467031089853
rs4478037-<b>A</b>,0.8901413832632785
rs7170398-<b>T</b>,0.3883577789418544
rs578174-<b>A</b>,0.9085012248162776
rs17651119-<b>C</b>,0.9690102498398464
rs11681373-<b>?</b>,-1.0
rs11124319-<b>A</b>,0.3990471148755956
rs263575-<b>A</b>,0.4914232028124621
rs10805794-<b>?</b>,-1.0
rs5011432-<b>C</b>,0.29499670836076364
rs73117594-<b>T</b>,0.10285865537321334
rs9611460-<b>T</b>,0.7498676548438327
rs66511648-<b>C</b>,0.25844362096347273
rs7775835-<b>T</b>,0.13265895953757226
rs7505145-<b>A</b>,0.4179989412387505
rs775766-<b>A</b>,0.34107303877367
rs2806985-<b>C</b>,0.4366504854368932
rs112348907-<b>G</b>,0.2783483324510323
rs7534271-<b>?</b>,-1.0
rs9427672-<b>G</b>,0.7569098803346395
rs1946473-<b>A</b>,0.4817962526646472
rs149735550-<b>T</b>,0.3593965060878772
rs1706497-<b>T</b>,0.07204870301746956
rs7029033-<b>T</b>,0.04737743000366793
rs645592-<b>T</b>,0.4487265415549598
rs10950398-<b>A</b>,0.4621490280777538
rs4074723-<b>C</b>,0.6080485115766262
rs4143229-<b>C</b>,0.09895275107383923
rs7526682-<b>G</b>,0.13702554308904272
rs7589705-<b>?</b>,-1.0
rs12963231-<b>A</b>,0.21030554117037809
rs10987507-<b>?</b>,-1.0
rs9402472-<b>A</b>,0.07518196342978875
rs12073845-<b>T</b>,0.7927330895795247
rs117319730-<b>C</b>,0.9099269183922046
rs67436663-<b>G</b>,0.9117647058823528
rs11688767-<b>A</b>,0.5788777130757015
rs12889665-<b>G</b>,0.5086289041821069
rs1833288-<b>A</b>,0.7432140967728808
rs11599236-<b>T</b>,0.5853238217377364
rs11643192-<b>A</b>,0.4088611740830888
rs11577545-<b>T</b>,0.20377991985270227
rs159963-<b>C</b>,0.465060878771837
rs12054895-<b>T</b>,0.28033935817041683
rs2715157-<b>?</b>,-1.0
rs2125716-<b>G</b>,0.7614300393369798
rs2422321-<b>G</b>,0.4176276106765584
rs6483414-<b>C</b>,0.6442484184994591
rs28541419-<b>G</b>,0.12949245541838136
rs6679379-<b>T</b>,0.27543673901535204
rs11646401-<b>G</b>,0.3802571257723739
rs6687024-<b>T</b>,0.5067950169875425
rs8181889-<b>A</b>,0.4218669771877063
rs17487383-<b>C</b>,0.02760511882998172
rs7044150-<b>T</b>,0.3662354493430247
rs61997596-<b>A</b>,0.08990732368896925
rs4801157-<b>T</b>,0.1835812473404748
rs6424532-<b>A</b>,0.4532291592000574
rs926552-<b>G</b>,0.9004370512420282
rs2056477-<b>C</b>,0.14574859577764865
rs2721811-<b>A</b>,0.4817501439263097
rs9623320-<b>A</b>,0.13287329320217295
rs55650481-<b>?</b>,-1.0
rs11629621-<b>C</b>,0.4271572260455268
rs6066975-<b>A</b>,0.2750151344806711
rs11515172-<b>T</b>,0.801270513499206
rs6442260-<b>A</b>,0.4055179391392326
rs1625792-<b>G</b>,0.8956172462883872
rs10065906-<b>C</b>,0.3124458735262593
rs935526-<b>T</b>,0.6745441795231416
rs6562505-<b>A</b>,0.8618316569613552
rs10960103-<b>G</b>,0.0916040424980565
rs1867368-<b>C</b>,0.3006970849176173
rs3094146-<b>G</b>,0.9163094407337254
chr3_44287760-<b>?</b>,-1.0
rs1452788-<b>A</b>,0.7394096138410773
rs11210111-<b>A</b>,0.2924437608152278
rs33431-<b>T</b>,0.5870597991694203
rs138272922-<b>C</b>,0.008963001563314227
rs2592105-<b>?</b>,-1.0
rs17792983-<b>T</b>,0.2912373756646061
rs12667733-<b>G</b>,0.4404808190772421
rs9838374-<b>T</b>,0.1869949860375617
rs10959926-<b>C</b>,0.17178401270513502
rs78562453-<b>?</b>,-1.0
rs10809385-<b>A</b>,0.26568381430363863
rs12967143-<b>C</b>,0.6302805717310747
rs12943181-<b>C</b>,0.2570415078356629
rs62195769-<b>A</b>,0.08491265219692959
rs6131010-<b>G</b>,0.7860458152418026
rs73474148-<b>C</b>,0.11846043727225405
rs12932870-<b>T</b>,0.07954545454545454
rs11599236-<b>C</b>,0.4146761782622636
"rs7893291-<b>C</b>, rs10904299-<b>A</b>, rs11252672-<b>G</b>, rs1901632-<b>A</b>, rs11252715-<b>G</b>, rs11818567-<b>A</b>, rs11252622-<b>G</b>, rs7906409-<b>A</b>, rs416990-<b>A</b>, rs10904323-<b>G</b>, rs1039197-<b>C</b>, rs12251644-<b>C</b>, rs10795187-<b>A</b>, rs313452-<b>C</b>, rs4881340-<b>A</b>, rs11252688-<b>A</b>, rs12775823-<b>A</b>, rs7896112-<b>G</b>, rs10508287-<b>A</b>, rs1838238-<b>A</b>, rs11252674-<b>G</b>, rs313462-<b>G</b>, rs12413638-<b>G</b>, rs2165953-<b>G</b>, rs313435-<b>G</b>, rs2028690-<b>A</b>, rs11252631-<b>G</b>, rs10508290-<b>G</b>, rs387673-<b>G</b>, rs11252679-<b>A</b>, rs372744-<b>A</b>, rs10904321-<b>G</b>, rs10904300-<b>A</b>, rs10904328-<b>G</b>, rs1008042-<b>A</b>, rs1498273-<b>A</b>, rs2088500-<b>G</b>, rs17297024-<b>G</b>, rs7082636-<b>A</b>, rs7900146-<b>A</b>, rs17133585-<b>A</b>, rs313500-<b>G</b>, rs11598678-<b>C</b>, rs2397839-<b>A</b>, rs11252717-<b>G</b>, rs11814411-<b>A</b>, rs10904333-<b>G</b>, rs1498274-<b>A</b>, rs745782-<b>A</b>, rs433430-<b>G</b>, rs2647337-<b>A</b>, rs2123348-<b>G</b>, rs7899916-<b>G</b>, rs10904319-<b>A</b>, rs2894969-<b>G</b>, rs17372054-<b>G</b>, rs569744-<b>G</b>, rs7089195-<b>A</b>, rs374802-<b>G</b>, rs17298157-<b>G</b>, rs7068675-<b>C</b>, rs11252615-<b>A</b>, rs12357812-<b>A</b>, rs313451-<b>A</b>, rs715987-<b>A</b>, rs313445-<b>A</b>, rs1869210-<b>A</b>, rs7080649-<b>A</b>, rs10458787-<b>G</b>, rs1353703-<b>A</b>, rs1838239-<b>G</b>, rs11252607-<b>G</b>, rs7096965-<b>G</b>, rs313438-<b>A</b>, rs10904332-<b>C</b>, rs4146653-<b>A</b>, rs6601855-<b>G</b>, rs11596789-<b>A</b>, rs313455-<b>G</b>, rs1391511-<b>G</b>, rs12255709-<b>A</b>, rs381443-<b>A</b>, rs6601853-<b>G</b>, rs7916170-<b>G</b>, rs17133449-<b>G</b>, rs1443852-<b>A</b>, rs1498271-<b>A</b>, rs10508288-<b>A</b>, rs9423544-<b>A</b>, rs313430-<b>A</b>, rs10904290-<b>A</b>, rs167511-<b>A</b>",-1.0
rs56116032-<b>G</b>,0.18611885166223835
rs161645-<b>A</b>,0.30541730553209634
rs620339-<b>T</b>,0.5845288871655681
rs736840-<b>G</b>,0.10459460506937447
rs6065333-<b>C</b>,0.1466879427103604
rs9648182-<b>A</b>,0.8824775013234516
rs111945524-<b>T</b>,0.043864195931061285
rs1210358-<b>A</b>,0.4822910342036025
rs4936275-<b>T</b>,0.5532069970845481
rs11877758-<b>G</b>,0.15627936110241153
rs4653218-<b>C</b>,0.5354628698459747
rs1478461-<b>T</b>,0.6622036486377884
rs28894081-<b>A</b>,0.053255690841715185
rs218987-<b>T</b>,0.3621136525626904
rs7219015-<b>C</b>,0.8017758726270667
rs143502921-<b>C</b>,0.06024860476915271
rs2759663-<b>G</b>,0.10875664500886
rs1133152-<b>A</b>,0.13672654690618766
rs12118513-<b>A</b>,0.17612493382742192
rs3131115-<b>C</b>,0.6594530444732338
rs2945451-<b>T</b>,0.2914769719428269
rs143916815-<b>G</b>,0.993859184753838
rs7897478-<b>A</b>,0.9994316567206591
rs10148293-<b>G</b>,0.5170065379825654
rs10243383-<b>T</b>,0.4750132345156167
rs4801146-<b>C</b>,0.4498180213962722
rs17077540-<b>G</b>,0.119111626023576
rs35514087-<b>G</b>,0.05539809327492914
rs115319209-<b>G</b>,0.9895185975326964
rs144213213-<b>C</b>,0.97787188988883
rs56366527-<b>A</b>,0.3317098994176813
rs114969316-<b>A</b>,0.9876560332871012
rs12129942-<b>T</b>,0.480359978824775
rs4289855-<b>T</b>,0.217469815996204
rs4971040-<b>C</b>,0.7276048284625158
rs115736167-<b>C</b>,0.9838186007540848
rs568799986-<b>T</b>,-1.0
rs17641524-<b>T</b>,0.19293623001167284
rs28672333-<b>A</b>,0.11233456855479088
rs72948529-<b>C</b>,0.17247551858481625
rs7635184-<b>A</b>,0.6252214695153726
rs10035449-<b>C</b>,0.536467867810001
rs113485090-<b>A</b>,0.9566391359593392
rs1452787-<b>G</b>,0.2788422695556372
rs2956278-<b>G</b>,0.21556908735528493
rs11033303-<b>A</b>,0.3048868909512761
rs138879850-<b>T</b>,0.9929592376919004
rs4713145-<b>?</b>,-1.0
rs3897746-<b>G</b>,0.4677722065043839
rs9298467-<b>T</b>,0.7755388240703489
rs4339373-<b>T</b>,0.5225011568718186
rs2228246-<b>G</b>,0.1566655655954309
rs57679688-<b>T</b>,0.29252009333679024
rs2546057-<b>A</b>,0.5491769882659713
rs3788338-<b>G</b>,0.7469139483570875
rs7174755-<b>C</b>,0.3366737436637173
rs10521261-<b>T</b>,0.8374620238373451
rs17377987-<b>G</b>,0.049550026469031234
rs537160-<b>G</b>,0.6976631121770979
rs578174-<b>G</b>,0.09149877518372243
rs8050326-<b>A</b>,0.43486124374222296
"rs9486815-<b>G</b>, rs4245535-<b>G</b>, rs17069173-<b>A</b>, rs9374021-<b>G</b>, rs9374007-<b>A</b>, rs9386694-<b>A</b>, rs9374002-<b>G</b>, rs218289-<b>A</b>, rs1064346-<b>A</b>, rs9374013-<b>G</b>, rs6921166-<b>G</b>, rs12567-<b>A</b>, rs4332013-<b>A</b>, rs2001144-<b>A</b>, rs17069274-<b>A</b>, rs218294-<b>A</b>, rs6919324-<b>G</b>, rs4946900-<b>G</b>, rs7769514-<b>A</b>, rs2097525-<b>G</b>, rs9400180-<b>G</b>, rs7769535-<b>A</b>, rs9320250-<b>A</b>, rs9372177-<b>A</b>, rs2027876-<b>G</b>, rs17069204-<b>A</b>, rs12180499-<b>A</b>",0.6663520091805949
rs2043187-<b>A</b>,0.4550844704353476
rs4585146-<b>A</b>,0.3509608438086982
rs564483817-<b>C</b>,-1.0
rs1558477-<b>?</b>,-1.0
rs10447426-<b>A</b>,0.04145050291159343
rs76736233-<b>C</b>,0.07707840133686115
rs11068917-<b>C</b>,0.8188774831795336
rs11123030-<b>C</b>,0.5143408851736394
rs34187563-<b>T</b>,0.2992186746406868
rs9487114-<b>C</b>,0.0023161134174293553
rs1791684-<b>G</b>,0.5019244854873688
rs115054458-<b>?</b>,-1.0
rs17538444-<b>T</b>,0.06118818527634817
rs3115631-<b>?</b>,-1.0
rs12410462-<b>A</b>,0.124484395672815
rs2828520-<b>G</b>,0.32651942769054026
rs34071114-<b>T</b>,0.03845033498397903
rs6818069-<b>G</b>,0.3476714782425456
rs3129120-<b>?</b>,-1.0
rs149415148-<b>G</b>,0.004700854700854701
rs1380551-<b>A</b>,0.8377977766013764
rs62544433-<b>G</b>,0.04089415630133771
rs76782312-<b>C</b>,0.9875173370319
rs1806152-<b>T</b>,0.2427926078028748
rs117911063-<b>T</b>,0.02620434092112229
rs748441912-<b>?</b>,-1.0
rs521048-<b>G</b>,0.7880067567567568
rs830716-<b>C</b>,0.7173741695754983
rs4475190-<b>C</b>,0.19183511692429647
rs12415800-<b>A</b>,0.011672049407898464
rs1765516-<b>A</b>,0.4773954473266279
rs117225626-<b>T</b>,0.011307972902553412
rs2028526-<b>C</b>,0.3223899371069182
rs3135296-<b>?</b>,-1.0
rs9432230-<b>C</b>,0.9476971942826892
rs9991694-<b>C</b>,0.7551085230280572
rs62001028-<b>?</b>,-1.0
rs28732092-<b>T</b>,0.06541681510509441
rs7512599-<b>A</b>,0.6935207178675112
rs144369419-<b>T</b>,0.014017717561229806
rs16841842-<b>C</b>,0.8138575344080634
rs143696449-<b>?</b>,-1.0
rs4906349-<b>G</b>,0.3361575937301419
rs4455170-<b>T</b>,0.17120474596896867
rs116842147-<b>T</b>,0.009484106305367378
rs12912233-<b>T</b>,0.4270589295368535
rs68006638-<b>A</b>,0.026160815402038504
rs1900599-<b>A</b>,0.3112228692429857
rs142383097-<b>A</b>,0.9829521389241846
rs117352232-<b>A</b>,0.987597707139135
rs272440-<b>G</b>,0.9750660691715499
rs10762080-<b>G</b>,0.6212281630492325
rs2736155-<b>C</b>,0.42253183950971945
rs6487668-<b>C</b>,0.21811332045806925
rs535355-<b>G</b>,0.40794070937003707
rs1106634-<b>A</b>,0.1446304287661825
rs10070411-<b>A</b>,0.7899417681312864
rs12189861-<b>A</b>,0.06323547627895454
rs150952348-<b>?</b>,-1.0
rs9919557-<b>T</b>,0.6679733110925772
rs10767735-<b>C</b>,0.260752688172043
rs10890045-<b>C</b>,0.6694031915874921
rs139146062-<b>T</b>,0.018687136050820542
rs60545357-<b>C</b>,0.12495336168942615
rs17692896-<b>A</b>,0.06138255915863278
rs2964802-<b>T</b>,0.7035468501852832
rs77685443-<b>T</b>,0.035680254102699836
rs6466512-<b>A</b>,0.4099876304354721
rs56039004-<b>A</b>,0.06160938809723386
rs17410557-<b>C</b>,0.3161569433735972
rs17144465-<b>G</b>,0.08126804106102789
chr2:169366410-<b>?</b>,-1.0
rs10175979-<b>T</b>,0.6518198157717366
rs1755255-<b>C</b>,0.6898422642353731
rs10959631-<b>T</b>,0.1833767587285044
rs3806572-<b>A</b>,0.27090203685742004
rs17176546-<b>A</b>,0.03667706360699567
rs1304150-<b>T</b>,0.8031994253191137
rs56072378-<b>G</b>,0.260791130936762
rs598769-<b>T</b>,0.3657435897435897
rs9540720-<b>G</b>,0.472025853362957
rs56390503-<b>T</b>,0.11502616088947025
rs7174755-<b>T</b>,0.6633262563362826
rs62383381-<b>C</b>,0.153209332329857
rs782472239-<b>?</b>,-1.0
rs4438172-<b>A</b>,0.7778189518263632
rs3785236-<b>C</b>,0.7331528460679919
rs13011737-<b>A</b>,0.3861926150615412
rs2291479-<b>A</b>,0.5366264699273463
rs117778141-<b>T</b>,0.9879103699843668
rs6606710-<b>T</b>,0.533139227104288
rs4941058-<b>C</b>,0.7679724722075172
rs6579956-<b>G</b>,0.5616047548291233
rs142029931-<b>?</b>,-1.0
rs112610420-<b>?</b>,-1.0
rs67917624-<b>A</b>,0.058073054526204336
rs59711329-<b>G</b>,0.9990568775391758
rs13214628-<b>G</b>,0.9746211481043322
rs116100277-<b>T</b>,0.01276706618030224
rs12036147-<b>A</b>,0.9745604843404354
rs734152-<b>G</b>,0.9384654342871612
rs35426224-<b>G</b>,0.9320275277924828
rs150406602-<b>A</b>,0.023973316656243485
rs7568777-<b>A</b>,0.17777657735522906
rs2466882-<b>A</b>,0.6001588141874007
rs141980369-<b>G</b>,0.949020645844362
rs201483250-<b>?</b>,-1.0
rs10484358-<b>T</b>,0.0850648520547137
rs186555608-<b>C</b>,0.9872419269454736
rs1935881-<b>T</b>,0.6646360337458262
rs11708664-<b>A</b>,0.7430972821533777
rs7713917-<b>G</b>,0.39214444372433377
rs5754682-<b>T</b>,0.8807762332745716
rs2715148-<b>?</b>,-1.0
rs6799788-<b>G</b>,0.20934348591378085
rs1343607-<b>A</b>,0.3773162180316857
rs9870680-<b>T</b>,0.4492973854144289
rs12446956-<b>C</b>,0.1276067827334869
rs143864773-<b>T</b>,0.9332980412916888
rs1811320-<b>A</b>,0.6988676574663836
rs78643921-<b>C</b>,0.9006422732580771
rs270545-<b>G</b>,0.7076590813316477
rs59283172-<b>G</b>,0.9008087244210268
rs6537837-<b>T</b>,0.17868601881050414
rs1448094-<b>T</b>,0.4687829016635081
rs2524222-<b>T</b>,0.20689362952249668
rs13138395-<b>T</b>,0.8670256835128417
rs6567380-<b>T</b>,0.018687136050820542
rs185973901-<b>C</b>,0.9918247220405494
rs78489263-<b>A</b>,0.9969611307420496
rs148701910-<b>C</b>,0.9850208044382802
rs1034394-<b>G</b>,0.3385436160084048
rs1481631-<b>?</b>,-1.0
rs2576789-<b>A</b>,0.5274344556415579
rs598068-<b>A</b>,0.3038816878102593
rs186167755-<b>C</b>,0.9943134535367544
rs17506336-<b>C</b>,0.9868796164312555
rs10174573-<b>T</b>,0.5406990998563973
rs139018470-<b>T</b>,0.9895977808599168
rs12513663-<b>T</b>,0.2566324435318275
rs33435-<b>G</b>,0.4471155322219152
rs12115299-<b>G</b>,0.11535203811540498
rs2163544-<b>C</b>,0.492477005688766
rs10947863-<b>T</b>,0.7553732133403918
rs10505997-<b>T</b>,0.8854648350585276
rs699319-<b>C</b>,0.4550601556970984
rs17676433-<b>T</b>,0.027045336112558625
rs4312987-<b>T</b>,0.5709397947137798
rs2252932-<b>A</b>,0.6770778189518264
rs1525293-<b>C</b>,0.6435616661685188
rs1957408-<b>G</b>,0.4165112452002194
rs139073054-<b>T</b>,0.015034409740603494
rs4565433-<b>G</b>,0.1661889441357122
rs79306025-<b>A</b>,0.9912346741234674
rs200897153-<b>?</b>,-1.0
rs1792737-<b>C</b>,0.3524086818422445
rs12211087-<b>T</b>,0.9139308855291576
rs140555-<b>T</b>,0.3208232445520581
rs8140097-<b>T</b>,0.1742399793455109
rs144735131-<b>A</b>,0.004884453781512605
rs5760842-<b>A</b>,0.4927206551410373
rs349475-<b>T</b>,0.3584348023303613
rs7565124-<b>?</b>,-1.0
rs79225303-<b>T</b>,0.09360201511335013
rs12464040-<b>T</b>,0.09277049295280836
rs10758202-<b>A</b>,0.698178310966238
rs10786831-<b>A</b>,0.4083772836015659
rs9601248-<b>C</b>,0.5034230386803371
rs79309730-<b>C</b>,0.9556138838830996
rs7298108-<b>C</b>,0.8135132876483371
rs35936514-<b>T</b>,0.08734780307040763
rs882632-<b>T</b>,0.2318904399136906
rs60225398-<b>T</b>,0.7688039457459926
rs164241-<b>T</b>,0.0952208745966396
rs8070473-<b>T</b>,0.24560474590190506
rs8023445-<b>?</b>,-1.0
rs10265216-<b>A</b>,0.2857142857142857
rs11152166-<b>?</b>,-1.0
rs76913336-<b>C</b>,0.9606812207109384
rs114927772-<b>A</b>,0.9866973918508432
rs7835340-<b>A</b>,0.6244631737169852
rs141208948-<b>G</b>,0.016357861302276337
rs11054833-<b>A</b>,0.15085380288668876
rs60716536-<b>A</b>,0.1420857596611964
rs111747875-<b>T</b>,0.015193223928004238
rs28385404-<b>?</b>,-1.0
rs2414116-<b>A</b>,0.4548250590814855
rs6995581-<b>G</b>,0.2657490735839068
rs61909191-<b>A</b>,0.9722915923415388
rs74932355-<b>T</b>,0.97787188988883
rs79652026-<b>C</b>,0.9977349943374858
rs9487113-<b>T</b>,0.9850208044382802
rs80127896-<b>A</b>,0.9605533958380974
undefined,-1.0
rs147542932-<b>C</b>,0.05203811540497618
rs1676905-<b>G</b>,0.9417926003126628
rs61842316-<b>T</b>,0.9679487179487181
rs41287894-<b>T</b>,0.0136529442417926
rs264272-<b>T</b>,0.4964071644847768
rs2517622-<b>?</b>,-1.0
rs12420464-<b>T</b>,0.06233046349805401
rs606149-<b>?</b>,-1.0
rs8020095-<b>A</b>,0.1999762795846292
rs9943849-<b>T</b>,0.2421199858610729
rs9964540-<b>A</b>,0.0035039286472711827
rs1780436-<b>?</b>,-1.0
rs73176142-<b>C</b>,0.9859556384742952
rs17634917-<b>A</b>,0.9618692854724008
rs2042772-<b>T</b>,0.2667579010705978
rs6598266-<b>A</b>,0.17010974822466107
rs4356032-<b>C</b>,0.3627068397011223
rs255428-<b>A</b>,0.3868691467221645
rs4660091-<b>T</b>,0.7122516082916369
rs2012485-<b>T</b>,0.03525103292850884
rs2125000-<b>T</b>,0.27170362729929515
rs35888008-<b>A</b>,0.8080465854949709
rs55894909-<b>G</b>,0.7862086513994911
rs73359384-<b>G</b>,0.9760748959778086
rs71358652-<b>C</b>,0.9605611434621492
rs116078874-<b>A</b>,0.017561229807191246
rs35864932-<b>C</b>,0.5063053673788431
rs57091543-<b>C</b>,0.9981697874137688
rs150466001-<b>C</b>,0.9991978609625668
rs16926263-<b>T</b>,0.9590965092402464
rs2460546-<b>A</b>,0.023663313922710427
rs3744550-<b>?</b>,-1.0
rs4435501-<b>A</b>,0.9056440662623336
rs11835646-<b>T</b>,0.4947081712062257
"rs11070668-A,rs11070670-A, rs12440434-A, rs11636875-A, rs2413923-A, rs16961929-G, rs934741-G, rs8031813-A, rs7178573-G, rs11070665-G, rs10519201-C, rs12593599-G, rs12915940-G, rs16952958-A, rs11070664-A, rs4608275-G, rs1007662-G, rs17384124-A, rs12915772-A, rs4775789-A, rs10851473-G, rs4491452-A, rs11638748-G, rs4774529-G, rs7178085-C, rs7164451-A, rs4474633-G, rs10519199-<b>A</b>",-1.0
rs117715236-<b>A</b>,0.021674051011854868
rs10736455-<b>A</b>,0.07575657241242302
rs116071213-<b>G</b>,0.03345685547908946
rs1874256-<b>A</b>,0.4474961394220163
rs1504721-<b>C</b>,0.3827538893929671
rs142592479-<b>A</b>,0.008344849580099926
rs78825642-<b>C</b>,0.8922710428798306
rs6497642-<b>A</b>,0.6554790894653255
rs114171617-<b>A</b>,0.9951520718513982
rs142865693-<b>?</b>,-1.0
rs55940619-<b>C</b>,0.9201950523311132
rs8066520-<b>G</b>,0.8527609048181843
rs28680895-<b>T</b>,0.9993622448979592
rs11579964-<b>C</b>,0.8494055763325123
rs114098943-<b>G</b>,0.9652386908484468
rs364477-<b>C</b>,0.19654416696563665
rs10514718-<b>C</b>,0.9480400769249032
rs1673101-<b>A</b>,0.3070182758908453
rs8012941-<b>G</b>,0.480069096426296
rs10227749-<b>T</b>,0.6970368182713133
rs264272-<b>G</b>,0.5035928355152232
rs9466930-<b>C</b>,0.2539005500056123
rs40493-<b>C</b>,0.3584249495176127
rs17118176-<b>A</b>,0.9250926416093171
rs111404313-<b>A</b>,0.9791712104689204
rs17710780-<b>T</b>,0.8880887785730778
rs76400352-<b>G</b>,0.9904299583911236
rs16832899-<b>G</b>,0.008419385380442958
rs150439352-<b>A</b>,0.027462219906201145
rs4478239-<b>?</b>,-1.0
rs10468608-<b>C</b>,0.6580998017437365
rs79802045-<b>A</b>,0.02511415525114155
rs35099409-<b>T</b>,0.9616500829187395
rs12547341-<b>A</b>,0.6581259925886712
rs1969253-<b>?</b>,-1.0
rs2247523-<b>?</b>,-1.0
rs111275535-<b>A</b>,0.0515372589890568
rs9646303-<b>?</b>,-1.0
rs1031396-<b>T</b>,0.9979860856828999
rs113021743-<b>C</b>,0.9860610263522884
rs535777-<b>?</b>,-1.0
rs184666-<b>T</b>,0.8313984683673967
rs7148335-<b>G</b>,0.14571967366860625
rs144356690-<b>A</b>,0.007140623371208172
rs138567168-<b>C</b>,0.991989247311828
rs6096232-<b>G</b>,0.06671202695697252
rs143756124-<b>T</b>,0.8743045017703591
rs166040-<b>G</b>,0.8574274611909974
rs1927745-<b>A</b>,0.2442858511351662
rs11009175-<b>A</b>,0.12653334586642853
rs6822806-<b>T</b>,0.8756147162137179
rs1390496-<b>G</b>,0.7502975094211317
rs724568-<b>C</b>,0.3725342344231359
rs116569570-<b>A</b>,0.9328745367919534
rs6485603-<b>G</b>,0.5053812781578508
rs187279821-<b>A</b>,0.9860243515087348
rs6893200-<b>T</b>,0.2674430915828481
rs10514585-<b>A</b>,0.2460644741215011
rs10476497-<b>A</b>,0.3761895120469731
rs12647456-<b>A</b>,0.936156696664902
rs644695-<b>A</b>,0.8625502090335273
rs7194099-<b>A</b>,0.6279434057604851
rs398426-<b>T</b>,0.2628310891124239
rs6743806-<b>C</b>,0.6053858104609011
rs139388380-<b>T</b>,0.016887241926945473
rs13171357-<b>G</b>,0.7328252355245052
rs12240686-<b>A</b>,0.9199047114875596
rs73228161-<b>A</b>,0.1023292747485442
rs78245978-<b>T</b>,0.003837102220403153
rs10457592-<b>G</b>,0.7773963333855644
rs10806805-<b>G</b>,0.5270041544853055
rs73108923-<b>A</b>,0.05119110640550556
rs342318-<b>A</b>,0.18544203282159874
rs73063271-<b>A</b>,0.9677899928079728
rs80208956-<b>A</b>,0.033347315436241615
rs6666516-<b>A</b>,0.487671168415604
rs17615103-<b>T</b>,0.03377524279327886
rs12457996-<b>T</b>,0.7862347265807572
rs2173763-<b>?</b>,-1.0
rs17864092-<b>T</b>,0.8952279128881561
rs17634917-<b>G</b>,0.03813071452759905
rs1706631-<b>T</b>,0.34068225830478177
rs1822818-<b>T</b>,0.8404453463805182
rs4585146-<b>G</b>,0.6490391561913018
rs912988-<b>T</b>,0.3620304114490161
rs12210761-<b>A</b>,0.03790314427257102
rs12049330-<b>G</b>,0.15613509017685168
rs117901488-<b>T</b>,0.032782757578809545
rs5990417-<b>T</b>,0.8178006784868463
rs2342343-<b>A</b>,0.2778189518263632
rs34534607-<b>T</b>,0.15386975531180486
rs8008104-<b>G</b>,0.09916018289759948
rs147643734-<b>A</b>,0.9634197988353628
rs4973321-<b>G</b>,0.009484106305367378
rs10892733-<b>T</b>,0.7296926454445664
rs2498010-<b>A</b>,0.3657522618978722
rs4238010-<b>G</b>,0.12207923941683822
rs115668237-<b>?</b>,-1.0
rs72717793-<b>A</b>,0.2142617337003961
rs180931486-<b>T</b>,0.9956162535828696
rs10923531-<b>T</b>,0.29290629962943354
rs78664615-<b>T</b>,0.8862890418210694
rs2498828-<b>T</b>,0.8864941959510321
rs9300648-<b>T</b>,0.9051641415847872
rs116233998-<b>A</b>,0.9900458619970816
rs74002781-<b>T</b>,0.1428268925357332
rs13127214-<b>C</b>,0.11123024830699774
rs6976860-<b>T</b>,0.7433300395256917
rs604222-<b>A</b>,0.18336487820934824
rs74031748-<b>A</b>,0.9611247695144438
rs6922076-<b>C</b>,0.5550190597204574
rs1575671-<b>G</b>,0.13001588141874007
rs1612122-<b>T</b>,0.48650079407093705
rs2326810-<b>G</b>,0.9694643269452782
rs7222143-<b>A</b>,0.43340391741662254
rs139340185-<b>A</b>,0.008205399682371625
rs116215823-<b>T</b>,0.01011116993118052
rs145189127-<b>G</b>,0.01915135246747884
rs11743328-<b>T</b>,0.8532288599074463
rs73133999-<b>G</b>,0.9807526667991784
rs10520045-<b>T</b>,0.2782065303674434
rs11149178-<b>A</b>,0.3120032799293554
rs11099341-<b>A</b>,0.2025939650608788
rs1449984-<b>A</b>,0.7082415705428723
rs288342-<b>T</b>,0.6055761247615842
rs5771109-<b>T</b>,0.6122634848190256
rs79954464-<b>G</b>,0.9768801796917356
rs666723-<b>A</b>,0.39012175114411535
rs6534441-<b>C</b>,0.3715340347613788
rs536504-<b>C</b>,0.8124470787468248
rs12500612-<b>G</b>,0.8654104116939222
rs4543289-<b>?</b>,-1.0
rs310501-<b>?</b>,-1.0
rs4501813-<b>G</b>,0.9310748967518696
rs71560357-<b>T</b>,0.009528851244044468
rs2977608-<b>A</b>,0.4755818786367415
rs10247376-<b>C</b>,0.01582586151020849
rs111629393-<b>G</b>,0.2840884456969434
rs113416614-<b>T</b>,0.027031660761229856
rs143445914-<b>C</b>,0.975436739015352
rs972697-<b>G</b>,0.2074087688811656
rs17534846-<b>A</b>,0.6673372154579142
rs325502-<b>G</b>,0.414904783325836
rs115981586-<b>A</b>,0.96555188281807
rs4903685-<b>G</b>,0.2620434092112229
rs5766499-<b>A</b>,0.6521721833227244
rs11223270-<b>A</b>,0.2736432934524711
rs140992857-<b>A</b>,0.02255161461090524
rs111796550-<b>A</b>,0.02959237691900476
rs188386326-<b>G</b>,0.010839412308640706
rs56294834-<b>A</b>,0.017046056114346213
rs2721937-<b>?</b>,-1.0
rs17744447-<b>A</b>,0.331445514970425
rs567697-<b>T</b>,0.84816797724611
rs11055387-<b>C</b>,0.06442562202223398
rs12552369-<b>A</b>,0.4628040973111396
rs35693458-<b>A</b>,0.14213249126578878
rs974379-<b>C</b>,0.11050876533572344
rs7814405-<b>A</b>,0.3164495899662325
rs11613048-<b>A</b>,0.3965876968636425
rs1457614-<b>C</b>,0.2068488797076116
rs7895886-<b>A</b>,0.023610375860243515
rs60466238-<b>T</b>,0.14313050133945654
rs17526879-<b>G</b>,0.0160500260552371
rs1496089-<b>T</b>,0.7355789297938058
rs1841556-<b>T</b>,0.6526145842676473
rs76088896-<b>T</b>,0.9247642476424764
rs10460050-<b>T</b>,0.4221810481736368
rs2017305-<b>A</b>,0.9442675159235668
rs10744304-<b>A</b>,0.5791343135635222
rs116200762-<b>C</b>,0.05618094642484887
rs13074924-<b>?</b>,-1.0
rs4709845-<b>?</b>,-1.0
rs507385-<b>A</b>,0.9181577554261514
rs112904378-<b>A</b>,0.02901005823186872
rs79696139-<b>A</b>,0.04111516414799375
rs2462686-<b>C</b>,0.3048411048411048
rs117183159-<b>T</b>,0.9579078455790784
rs78994374-<b>A</b>,0.016258467952058358
rs145478122-<b>A</b>,0.9802501302761856
rs10831801-<b>A</b>,0.19936474325039705
rs2781093-<b>G</b>,0.7647432503970355
rs1486437-<b>A</b>,0.9034398915816326
rs4625554-<b>G</b>,0.3041801948051948
rs114508355-<b>C</b>,0.0024643737276331297
rs17705482-<b>T</b>,0.8247814519194223
rs8050755-<b>T</b>,0.8281222083258889
rs2377360-<b>G</b>,0.27859500157548217
rs117621296-<b>T</b>,0.9796717840127052
rs13186198-<b>G</b>,0.5331743037834239
rs9572423-<b>G</b>,0.8652312242337337
rs612711-<b>T</b>,0.4083285059771447
rs570456-<b>C</b>,0.8667533534081577
rs13257626-<b>G</b>,0.9843832715722604
rs7742824-<b>A</b>,0.22144091532089866
rs1504722-<b>G</b>,0.3694017998941239
